{
  "label_aps": {
    "car": {
      "0.5": 0.23689898627055206,
      "1.0": 0.3228023791620868,
      "2.0": 0.3773514527808025,
      "4.0": 0.4237550542700826
    },
    "truck": {
      "0.5": 0.0,
      "1.0": 0.0,
      "2.0": 0.0012552697608873627,
      "4.0": 0.009345006819486332
    },
    "bus": {
      "0.5": 0.0,
      "1.0": 0.0,
      "2.0": 0.0034622367936006896,
      "4.0": 0.030170933962794525
    },
    "trailer": {
      "0.5": 0.0,
      "1.0": 0.0,
      "2.0": 0.0,
      "4.0": 0.0
    },
    "construction_vehicle": {
      "0.5": 0.0,
      "1.0": 0.0,
      "2.0": 0.0,
      "4.0": 0.0
    },
    "pedestrian": {
      "0.5": 0.38456341132697314,
      "1.0": 0.41554533958886836,
      "2.0": 0.4347919945986435,
      "4.0": 0.45979697782533935
    },
    "motorcycle": {
      "0.5": 0.0,
      "1.0": 0.0,
      "2.0": 0.0,
      "4.0": 0.0
    },
    "bicycle": {
      "0.5": 0.0,
      "1.0": 0.0,
      "2.0": 0.0,
      "4.0": 0.0
    },
    "traffic_cone": {
      "0.5": 4.242737315764853e-05,
      "1.0": 0.0006961040701665933,
      "2.0": 0.0033614644885346253,
      "4.0": 0.009821390146680502
    },
    "barrier": {
      "0.5": 0.0,
      "1.0": 0.019926072681501174,
      "2.0": 0.045084248480513615,
      "4.0": 0.06618589268528742
    }
  },
  "mean_dist_aps": {
    "car": 0.340201968120881,
    "truck": 0.002650069145093424,
    "bus": 0.008408292689098804,
    "trailer": 0.0,
    "construction_vehicle": 0.0,
    "pedestrian": 0.42367443083495604,
    "motorcycle": 0.0,
    "bicycle": 0.0,
    "traffic_cone": 0.0034803465196348426,
    "barrier": 0.03279905346182555
  },
  "mean_ap": 0.08112141607714896,
  "label_tp_errors": {
    "car": {
      "trans_err": 0.35412443090494655,
      "scale_err": 0.16572300171023244,
      "orient_err": 1.1164158304049578,
      "vel_err": 1.0,
      "attr_err": 0.5137864004802378
    },
    "truck": {
      "trans_err": 0.9392414816404723,
      "scale_err": 0.33186139876770415,
      "orient_err": 0.9978568345921803,
      "vel_err": 1.0,
      "attr_err": 0.46221865951364466
    },
    "bus": {
      "trans_err": 0.9799707511795134,
      "scale_err": 0.2741833035433241,
      "orient_err": 1.049121023848732,
      "vel_err": 1.0,
      "attr_err": 0.8496118010725566
    },
    "trailer": {
      "trans_err": 0.9374533397980744,
      "scale_err": 0.2884866683656364,
      "orient_err": 1.6869620510717245,
      "vel_err": 1.0,
      "attr_err": 0.23479808875551705
    },
    "construction_vehicle": {
      "trans_err": 1.0,
      "scale_err": 1.0,
      "orient_err": 1.0,
      "vel_err": 1.0,
      "attr_err": 1.0
    },
    "pedestrian": {
      "trans_err": 0.2420756849772401,
      "scale_err": 0.28049467545524104,
      "orient_err": 1.611935871025883,
      "vel_err": 1.0,
      "attr_err": 0.1612540061079121
    },
    "motorcycle": {
      "trans_err": 0.35988182855373135,
      "scale_err": 0.2611198771591315,
      "orient_err": 1.9123992660357034,
      "vel_err": 1.0,
      "attr_err": 0.5988863032559382
    },
    "bicycle": {
      "trans_err": 1.0,
      "scale_err": 1.0,
      "orient_err": 1.0,
      "vel_err": 1.0,
      "attr_err": 1.0
    },
    "traffic_cone": {
      "trans_err": 0.4892038336701435,
      "scale_err": 0.38526042700249175,
      "orient_err": NaN,
      "vel_err": NaN,
      "attr_err": NaN
    },
    "barrier": {
      "trans_err": 0.7697814615570399,
      "scale_err": 0.3379088992427408,
      "orient_err": 0.06798788273289855,
      "vel_err": NaN,
      "attr_err": NaN
    }
  },
  "tp_errors": {
    "trans_err": 0.7071732812281162,
    "scale_err": 0.4325038251246502,
    "orient_err": 1.1602976399680087,
    "vel_err": 1.0,
    "attr_err": 0.6025694073982257
  },
  "tp_scores": {
    "trans_err": 0.2928267187718838,
    "scale_err": 0.5674961748753498,
    "orient_err": 0.0,
    "vel_err": 0.0,
    "attr_err": 0.39743059260177427
  },
  "nd_score": 0.16633605666347526,
  "eval_time": 465.71223855018616,
  "cfg": {
    "class_range": {
      "car": 50,
      "truck": 50,
      "bus": 50,
      "trailer": 50,
      "construction_vehicle": 50,
      "pedestrian": 40,
      "motorcycle": 40,
      "bicycle": 40,
      "traffic_cone": 30,
      "barrier": 30
    },
    "dist_fcn": "center_distance",
    "dist_ths": [
      0.5,
      1.0,
      2.0,
      4.0
    ],
    "dist_th_tp": 2.0,
    "min_recall": 0.1,
    "min_precision": 0.1,
    "max_boxes_per_sample": 500,
    "mean_ap_weight": 5
  },
  "meta": {
    "use_camera": false,
    "use_lidar": false,
    "use_radar": false,
    "use_map": false,
    "use_external": false
  }
}