{
  "label_aps": {
    "car": {
      "0.5": 0.16660247237124903,
      "1.0": 0.24428545296192486,
      "2.0": 0.2971661843896541,
      "4.0": 0.35300779216489403
    },
    "truck": {
      "0.5": 0.0,
      "1.0": 0.0,
      "2.0": 0.0,
      "4.0": 0.0006948165462293758
    },
    "bus": {
      "0.5": 0.0,
      "1.0": 0.0,
      "2.0": 0.0,
      "4.0": 0.007825629736123302
    },
    "trailer": {
      "0.5": 0.0,
      "1.0": 0.0,
      "2.0": 0.0,
      "4.0": 0.0
    },
    "construction_vehicle": {
      "0.5": 0.0,
      "1.0": 0.0,
      "2.0": 0.0,
      "4.0": 0.0
    },
    "pedestrian": {
      "0.5": 0.3068641851720236,
      "1.0": 0.3500795677896784,
      "2.0": 0.3680786600572554,
      "4.0": 0.3922295607878522
    },
    "motorcycle": {
      "0.5": 0.0,
      "1.0": 0.0,
      "2.0": 0.0,
      "4.0": 0.0
    },
    "bicycle": {
      "0.5": 0.0,
      "1.0": 0.0,
      "2.0": 0.0,
      "4.0": 0.0
    },
    "traffic_cone": {
      "0.5": 0.0,
      "1.0": 0.0,
      "2.0": 0.0,
      "4.0": 0.0009105150675347771
    },
    "barrier": {
      "0.5": 0.0,
      "1.0": 0.0015960228871650527,
      "2.0": 0.010308960349962813,
      "4.0": 0.021702694659006094
    }
  },
  "mean_dist_aps": {
    "car": 0.26526547547193047,
    "truck": 0.00017370413655734394,
    "bus": 0.0019564074340308255,
    "trailer": 0.0,
    "construction_vehicle": 0.0,
    "pedestrian": 0.3543129934517024,
    "motorcycle": 0.0,
    "bicycle": 0.0,
    "traffic_cone": 0.00022762876688369428,
    "barrier": 0.00840191947403349
  },
  "mean_ap": 0.06303381287351381,
  "label_tp_errors": {
    "car": {
      "trans_err": 0.4111884579810432,
      "scale_err": 0.17157823713889953,
      "orient_err": 1.2124495150328796,
      "vel_err": 1.0,
      "attr_err": 0.529921896403917
    },
    "truck": {
      "trans_err": 0.9734752208825104,
      "scale_err": 0.3295511976457543,
      "orient_err": 1.2123297322820565,
      "vel_err": 1.0,
      "attr_err": 0.49318971042460064
    },
    "bus": {
      "trans_err": 0.993259495709317,
      "scale_err": 0.26305548763289094,
      "orient_err": 1.1707428345202986,
      "vel_err": 1.0,
      "attr_err": 0.8173600527151945
    },
    "trailer": {
      "trans_err": 1.2515490908633384,
      "scale_err": 0.3156949057470085,
      "orient_err": 1.7114599681791896,
      "vel_err": 1.0,
      "attr_err": 0.13060269800263624
    },
    "construction_vehicle": {
      "trans_err": 1.0,
      "scale_err": 1.0,
      "orient_err": 1.0,
      "vel_err": 1.0,
      "attr_err": 1.0
    },
    "pedestrian": {
      "trans_err": 0.28572639978093645,
      "scale_err": 0.2834172257736547,
      "orient_err": 1.5710585491334754,
      "vel_err": 1.0,
      "attr_err": 0.16877449977660897
    },
    "motorcycle": {
      "trans_err": 0.4707892318233605,
      "scale_err": 0.2362871000987348,
      "orient_err": 1.3209483565590334,
      "vel_err": 1.0,
      "attr_err": 0.6146862934394954
    },
    "bicycle": {
      "trans_err": 1.0,
      "scale_err": 1.0,
      "orient_err": 1.0,
      "vel_err": 1.0,
      "attr_err": 1.0
    },
    "traffic_cone": {
      "trans_err": 0.6318519944440036,
      "scale_err": 0.42585206877763576,
      "orient_err": NaN,
      "vel_err": NaN,
      "attr_err": NaN
    },
    "barrier": {
      "trans_err": 0.796944930775507,
      "scale_err": 0.33990493092417723,
      "orient_err": 0.07596643545460784,
      "vel_err": NaN,
      "attr_err": NaN
    }
  },
  "tp_errors": {
    "trans_err": 0.7814784822260017,
    "scale_err": 0.4365341153738756,
    "orient_err": 1.1416617101290603,
    "vel_err": 1.0,
    "attr_err": 0.5943168938453065
  },
  "tp_scores": {
    "trans_err": 0.2185215177739983,
    "scale_err": 0.5634658846261245,
    "orient_err": 0.0,
    "vel_err": 0.0,
    "attr_err": 0.4056831061546935
  },
  "nd_score": 0.15028395729223853,
  "eval_time": 513.8065984249115,
  "cfg": {
    "class_range": {
      "car": 50,
      "truck": 50,
      "bus": 50,
      "trailer": 50,
      "construction_vehicle": 50,
      "pedestrian": 40,
      "motorcycle": 40,
      "bicycle": 40,
      "traffic_cone": 30,
      "barrier": 30
    },
    "dist_fcn": "center_distance",
    "dist_ths": [
      0.5,
      1.0,
      2.0,
      4.0
    ],
    "dist_th_tp": 2.0,
    "min_recall": 0.1,
    "min_precision": 0.1,
    "max_boxes_per_sample": 500,
    "mean_ap_weight": 5
  },
  "meta": {
    "use_camera": false,
    "use_lidar": false,
    "use_radar": false,
    "use_map": false,
    "use_external": false
  }
}